Segment,customers,revenue,avg_revenue
Champions,348,3905165.91,11221.741120689656
Frequent,596,1209093.95,2028.6811241610737
High Value,257,611714.761,2380.213077821012
Loyal,791,2022558.001,2556.963338811631
Others,1713,602217.072,351.55695971978986
Recent,633,560658.21,885.7159715639809
